﻿<?xml version="1.0" encoding="utf-8"?>
<component format="1" id="btprogresshud">
  <name>BTProgressHUD</name>
  <publisher>Nic Wise</publisher>
  <publisher-url>http://fastchicken.co.nz</publisher-url>
  <version>1.20</version>
  <summary>Add awesome HUDs to your iOS apps.</summary>
  <samples>
    <sample id="BTProgressHUDSample">
      <name>iOS Unified Sample</name>
      <summary>iOS Unified Sample</summary>
    </sample>
    <sample id="BTProgressHUDSample-Classic">
      <name>iOS Classic Sample</name>
      <summary>iOS Classic Sample</summary>
    </sample>
  </samples>
</component>